t,cpu_pct,rss_mb,gpu_pct,gpu_mem_mb,approach
6.326699985947926e-05,0.0,1077.02272,27,1318.58432,A
0.5003911710009561,99.9,1079.185408,20,1341.456384,A
1.000692016999892,99.9,1079.185408,20,1339.490304,A
1.500965596000242,99.9,1079.185408,28,1336.344576,A
2.0012692930013145,99.9,1079.185408,28,1337.26208,A
2.5015639000012015,99.9,1079.578624,25,1341.063168,A
3.0019206820015825,101.9,1116.737536,25,1330.70848,A
3.5022132540016173,99.9,1117.523968,24,1328.021504,A
4.0025220710012945,99.9,1117.523968,24,1327.824896,A
4.502886152000428,99.9,1117.523968,25,1324.548096,A
5.00320259900036,99.9,1253.773312,25,1315.897344,A
5.503528314000505,99.9,1253.773312,24,1286.209536,A
6.003848536000078,99.9,1253.773312,24,1281.55648,A
6.504173885001364,99.9,1253.773312,25,1269.039104,A
7.004484136999963,99.9,1253.773312,25,1226.440704,A
7.504807500001334,101.9,1253.773312,24,1176.895488,A
8.005127341000843,99.9,1253.773312,24,1172.635648,A
8.505444673000966,99.9,1253.773312,25,1172.635648,A
9.005828526000187,99.9,1253.773312,25,1172.635648,A
9.506140724000943,99.9,1253.773312,25,1172.635648,A
10.006461482000304,99.9,1253.773312,25,1172.635648,A
10.506796043000577,99.9,1253.773312,25,1172.635648,A
11.007097833000444,99.9,1253.773312,25,1172.635648,A
11.507418723000228,99.9,1253.773312,24,1172.635648,A
12.00772448600037,99.9,1253.773312,24,1172.635648,A
12.508041713001148,99.9,1253.773312,24,1172.635648,A
13.008355662001122,99.9,1253.773312,24,1172.635648,A
13.508733894001125,99.9,1253.773312,20,1172.635648,A
14.00906451300034,101.9,1253.773312,20,1172.635648,A
14.509375033001561,99.9,1253.773312,24,1172.635648,A
15.009674117000031,99.9,1253.773312,24,1172.635648,A
15.509994146999816,99.9,1253.773312,22,1172.635648,A
16.010277871000653,99.9,1253.773312,22,1172.635648,A
16.51057791600033,99.9,1253.773312,25,1172.635648,A
17.010880477000683,99.9,1253.773312,25,1172.635648,A
17.511185523000677,99.9,1253.773312,20,1172.635648,A
18.011478197000542,99.9,1253.773312,20,1172.635648,A
18.511784702001023,99.9,1253.773312,20,1172.635648,A
19.012080815000445,99.9,1253.773312,20,1172.635648,A
19.51234336300149,99.9,1253.773312,22,1165.426688,A
20.012658858000577,99.9,1253.773312,22,1165.426688,A
20.51290458600124,100.0,1253.773312,19,1174.339584,A
21.01314889600144,100.0,1253.773312,19,1174.339584,A
21.513409044000582,99.9,1253.773312,19,1174.339584,A
22.01366623100148,99.9,1253.773312,19,1174.339584,A
22.513903884000683,102.0,1253.773312,22,1173.946368,A
23.014149431000988,99.9,1253.773312,22,1173.946368,A
23.51441546300157,99.9,1253.773312,23,1173.815296,A
24.014705543000673,99.9,1253.773312,23,1173.815296,A
24.514986310001404,101.9,1253.773312,23,1173.815296,A
25.015254858000844,99.9,1253.773312,23,1173.815296,A
25.515531078001004,99.9,1253.773312,24,1169.620992,A
26.015780875000928,100.0,1253.773312,24,1169.620992,A
26.51610242500101,99.9,1253.773312,21,1169.620992,A
27.016384757000196,99.9,1253.773312,21,1169.620992,A
27.516637604001517,99.9,1253.773312,18,1169.620992,A
28.01689240199994,99.9,1253.773312,18,1169.620992,A
28.517155274999823,99.9,1253.773312,19,1169.620992,A
29.017405291000614,99.9,1253.773312,19,1169.620992,A
29.517704052001136,99.9,1253.773312,21,1169.620992,A
30.017957672000193,99.9,1253.773312,21,1169.620992,A
30.518231846001072,99.9,1253.773312,19,1169.620992,A
31.018533492000643,99.9,1253.773312,19,1169.620992,A
31.518787115001032,99.9,1253.773312,20,1169.620992,A
32.019074692001595,101.9,1253.773312,20,1169.620992,A
32.51937533900127,99.9,1253.773312,20,1169.620992,A
33.01965162600027,99.9,1253.773312,20,1169.620992,A
33.51995239500138,99.9,1253.773312,22,1169.620992,A
34.020195107999825,100.0,1253.773312,22,1169.620992,A
34.52043568699992,100.0,1253.773312,21,1169.620992,A
35.020666407001045,100.0,1253.773312,21,1169.620992,A
35.5209599890004,99.9,1253.773312,26,1169.620992,A
36.021224617999906,99.9,1253.773312,26,1169.620992,A
36.52151866300119,99.9,1253.773312,24,1169.620992,A
37.02182342800006,99.9,1253.773312,24,1169.620992,A
37.522061724001105,100.0,1253.773312,23,1169.620992,A
38.022325040001306,99.9,1253.773312,23,1169.620992,A
38.5226200470006,99.9,1253.773312,22,1169.620992,A
39.02285431300152,100.0,1253.773312,22,1169.620992,A
39.5230938270015,100.0,1253.773312,22,1169.620992,A
40.02337185600118,99.9,1253.773312,22,1169.620992,A
40.5236115000007,100.0,1253.773312,20,1169.620992,A
41.0239018430002,101.9,1253.773312,20,1169.620992,A
41.524140188001184,100.0,1253.773312,20,1169.620992,A
42.02437248500064,100.0,1253.96992,20,1169.620992,A
42.524571211000875,100.0,1253.96992,17,1169.620992,A
43.02474567799982,100.0,1276.383232,17,1169.620992,A
43.524985627000206,100.0,1276.383232,23,1169.620992,A
44.02526872599992,99.9,1276.383232,23,1169.620992,A
44.52555249000034,99.9,1276.383232,24,1169.620992,A
45.02583863600012,99.9,1276.383232,24,1169.620992,A
45.52607859000091,100.0,1276.383232,26,1169.620992,A
46.02635106100024,99.9,1276.383232,26,1169.620992,A
46.526590486000714,100.0,1276.383232,23,1169.620992,A
47.02679409800112,100.0,1276.383232,23,1169.620992,A
47.52706788500109,99.9,1276.383232,20,1169.620992,A
48.0273640180003,99.9,1276.383232,20,1169.620992,A
48.52765247000025,99.9,1276.383232,21,1169.620992,A
49.02790918200117,101.9,1276.383232,21,1169.620992,A
49.52815838800052,100.0,1276.383232,21,1169.620992,A
50.02836656300133,100.0,1276.383232,21,1169.620992,A
50.52869034200012,99.9,1276.383232,21,1169.620992,A
51.028953818000446,99.9,1276.383232,21,1169.620992,A
51.52924535400052,99.9,1276.383232,21,1169.620992,A
52.02949339800034,100.0,1276.383232,21,1177.747456,A
52.5297102020013,100.0,1276.383232,21,1177.747456,A
53.02996020400133,99.9,1276.383232,21,1178.927104,A
53.530184242999894,100.0,1276.383232,20,1178.533888,A
54.03041897799994,100.0,1276.383232,20,1178.533888,A
54.53065920500012,100.0,1276.383232,20,1178.402816,A
55.03086889200131,100.0,1276.383232,20,1178.402816,A
55.531105729000046,100.0,1276.383232,23,1178.402816,A
56.03139021500101,99.9,1276.383232,23,1178.402816,A
56.53166892199988,99.9,1276.383232,23,1178.402816,A
57.03193225799987,99.9,1276.383232,23,1174.798336,A
57.532171566001125,100.0,1276.383232,1,1170.604032,A
58.03240291000111,100.0,1276.383232,1,1170.604032,A
58.532634541001244,100.0,1276.383232,24,1170.604032,A
59.03284695399998,102.0,1276.383232,24,1170.604032,A
59.53307330300049,100.0,1276.383232,25,1170.604032,A
60.03327870300018,100.0,1276.383232,25,1170.604032,A
60.53350516200044,100.0,1276.383232,22,1170.604032,A
61.033793247001086,99.9,1276.383232,22,1170.604032,A
61.53405638300137,99.9,1276.383232,19,1170.604032,A
62.03428314900157,100.0,1276.383232,19,1170.604032,A
62.534521491001215,100.0,1276.383232,20,1170.604032,A
63.03479039100057,99.9,1276.383232,20,1170.604032,A
63.535066952001216,99.9,1276.383232,18,1170.604032,A
64.03531989100156,100.0,1276.383232,18,1170.604032,A
64.53552397600106,100.0,1276.383232,23,1170.604032,A
65.03580080300162,99.9,1276.383232,23,1170.604032,A
65.53603289100101,100.0,1276.383232,25,1175.322624,A
66.03627532700011,99.9,1276.383232,25,1175.322624,A
66.53654822800127,99.9,1276.383232,25,1174.929408,A
67.03683386800003,99.9,1276.383232,25,1174.929408,A
67.53708428200116,101.9,1276.383232,26,1174.798336,A
68.03731294499994,100.0,1276.383232,26,1174.798336,A
68.53754457600007,100.0,1276.383232,23,1174.798336,A
69.03773050300151,100.0,1276.383232,23,1174.798336,A
69.53794325700073,100.0,1276.383232,25,1174.798336,A
70.03818706499987,100.0,1276.383232,25,1174.798336,A
70.53842941600124,100.0,1276.383232,24,1170.604032,A
71.03873513700091,101.9,1276.383232,24,1170.604032,A
71.53899533399999,98.0,1276.383232,22,1170.604032,A
72.03921337700012,102.0,1276.383232,22,1170.604032,A
72.53944826600127,100.0,1276.383232,21,1170.604032,A
73.03965575300026,100.0,1276.383232,21,1170.604032,A
73.53989762499987,100.0,1276.383232,21,1187.905536,A
74.04014197700053,100.0,1276.383232,21,1187.905536,A
74.54042890100027,99.9,1276.383232,20,1187.905536,A
75.04067880500043,99.9,1276.383232,20,1187.905536,A
75.54095444500126,99.9,1276.383232,20,1187.905536,A
76.04121508500066,99.9,1276.383232,20,1187.905536,A
76.54149908100044,99.9,1276.383232,23,1187.905536,A
77.0417895440005,99.9,1276.383232,23,1187.905536,A
77.54206851100025,99.9,1276.383232,23,1187.905536,A
78.04232227500142,99.9,1276.383232,23,1187.905536,A
78.54262003400072,99.9,1276.383232,23,1187.905536,A
79.04285881800024,100.0,1276.383232,23,1187.905536,A
79.54309651200128,100.0,1276.383232,23,1187.905536,A
80.04334876100074,99.9,1276.383232,23,1187.905536,A
80.54359213099997,100.0,1276.383232,21,1192.624128,A
81.0438327110005,100.0,1276.383232,21,1192.624128,A
81.54410518500117,99.9,1276.383232,19,1192.624128,A
82.04436542199983,99.9,1276.383232,19,1192.624128,A
82.54463884100005,101.9,1276.383232,20,1192.230912,A
83.04487729799985,100.0,1276.383232,20,1192.230912,A
83.54508726800123,100.0,1276.383232,20,1192.09984,A
84.04532622000079,100.0,1276.383232,20,1192.493056,A
84.54561251100131,99.9,1276.383232,24,1198.65344,A
85.04587513700062,99.9,1276.383232,24,1198.65344,A
85.54607340900111,100.0,1276.383232,24,1198.850048,A
86.04636671200024,99.9,1276.383232,24,1198.850048,A
86.54663103700113,99.9,1276.383232,27,1198.98112,A
87.04684876900137,100.0,1276.383232,27,1204.092928,A
87.54708754600142,100.0,1276.383232,23,1204.092928,A
88.04732456800048,100.0,1276.383232,23,1205.731328,A
88.54761195700121,99.9,1276.383232,30,1203.961856,A
89.04790427700027,99.9,1276.383232,30,1203.961856,A
89.548153310001,100.0,1276.383232,19,1202.782208,A
90.04837957200107,100.0,1276.383232,19,1202.782208,A
90.54866429899994,99.9,1276.383232,20,1199.177728,A
91.04891097500149,101.9,1276.383232,20,1199.177728,A
91.54919536099987,99.9,1279.332352,19,1198.915584,A
92.04947519400048,99.9,1279.332352,19,1194.328064,A
92.54975757700049,99.9,1279.332352,19,1194.328064,A
93.0500827220003,99.9,1279.332352,19,1194.328064,A
93.55037685000025,99.9,1279.332352,20,1194.06592,A
94.05067216200041,99.9,1279.332352,20,1189.871616,A
94.55095258200163,99.9,1279.332352,19,1189.871616,A
95.05126866300088,99.9,1279.332352,19,1189.871616,A
95.55158061700058,99.9,1279.332352,20,1189.871616,A
96.05190026499986,101.9,1279.332352,20,1189.871616,A
96.5522235260014,99.9,1279.332352,20,1189.871616,A
97.05247700500149,100.0,1279.332352,20,1189.871616,A
97.55277237600058,99.9,1279.332352,24,1189.871616,A
98.05303499399997,99.9,1279.332352,24,1189.871616,A
98.55331534900142,99.9,1279.332352,25,1189.871616,A
99.05359951500031,99.9,1279.332352,25,1189.871616,A
99.5539145620005,99.9,1279.332352,23,1189.871616,A
100.05418770899996,99.9,1279.332352,23,1189.871616,A
100.55446136899991,99.9,1279.332352,25,1189.871616,A
101.05469900800017,100.0,1279.332352,25,1189.871616,A
101.55497262600147,99.9,1279.332352,20,1189.871616,A
102.05522645100064,99.9,1279.332352,20,1189.871616,A
102.55548264500067,99.9,1279.332352,25,1189.871616,A
103.05573869200089,99.9,1279.332352,25,1189.871616,A
103.55598949700106,100.0,1279.332352,19,1189.871616,A
104.05627309100055,99.9,1279.332352,19,1189.871616,A
104.5565726700006,99.9,1279.332352,20,1189.871616,A
105.0568234350012,100.0,1279.332352,20,1189.871616,A
105.55711109700133,99.9,1279.332352,25,1189.871616,A
106.0573541520007,100.0,1279.332352,25,1189.871616,A
106.55760140300117,101.9,1279.332352,24,1189.871616,A
107.05788453900095,99.9,1279.332352,24,1189.871616,A
107.5581067460007,100.0,1279.332352,24,1189.871616,A
108.05839321700114,99.9,1279.332352,24,1189.871616,A
108.55863884800056,100.0,1279.332352,25,1189.871616,A
109.05890325800101,99.9,1279.332352,25,1189.871616,A
109.55917676399986,99.9,1279.332352,23,1189.871616,A
110.0594637130016,99.9,1279.332352,23,1189.871616,A
110.55977113300105,99.9,1279.332352,21,1189.871616,A
111.06005971100058,99.9,1279.332352,21,1189.871616,A
111.56038092900053,99.9,1279.332352,21,1189.871616,A
112.060691142,99.9,1279.332352,21,1189.871616,A
112.56090607700025,100.0,1279.332352,21,1189.871616,A
113.06114797700138,100.0,1279.332352,21,1189.871616,A
113.56138515500061,100.0,1279.332352,19,1189.871616,A
114.0616104210003,100.0,1279.332352,19,1189.871616,A
114.56189874099982,101.9,1279.332352,16,1189.871616,A
115.06212392500129,100.0,1279.332352,16,1189.871616,A
115.56236673100102,100.0,1279.332352,18,1189.871616,A
116.06259516200043,100.0,1279.332352,18,1189.871616,A
116.56283537499985,100.0,1279.332352,20,1189.871616,A
117.06304623400138,100.0,1279.332352,20,1189.871616,A
117.56331309000052,99.9,1279.332352,19,1189.871616,A
118.06355365800118,100.0,1279.332352,19,1189.871616,A
118.5637932410009,102.0,1279.332352,25,1189.871616,A
119.06407211400074,99.9,1279.332352,25,1189.871616,A
119.56437535800069,99.9,1279.332352,24,1189.871616,A
120.0646221650004,99.9,1279.332352,24,1189.871616,A
120.56487308200121,100.0,1279.332352,25,1189.871616,A
121.06516636000015,99.9,1279.332352,25,1189.871616,A
121.56547914500152,99.9,1279.332352,23,1189.871616,A
122.06572510200021,100.0,1279.332352,23,1189.871616,A
122.56595334500162,100.0,1280.315392,19,1189.871616,A
123.06624523200117,99.9,1280.315392,19,1189.871616,A
123.5664940530005,100.0,1280.315392,24,1189.871616,A
124.0667469150012,99.9,1280.315392,24,1189.871616,A
124.56706771500103,99.9,1280.315392,19,1189.871616,A
125.067331233,99.9,1280.315392,19,1189.871616,A
125.56758427800014,100.0,1280.315392,19,1194.590208,A
126.0678869070016,99.9,1280.315392,19,1194.590208,A
126.56815597500099,99.9,1280.315392,26,1194.196992,A
127.06839355100055,100.0,1280.315392,26,1194.196992,A
127.56867367300038,101.9,1280.315392,24,1194.06592,A
128.0689463280014,99.9,1280.315392,24,1194.06592,A
128.56921341000088,99.9,1280.315392,24,1194.06592,A
129.06947486399986,99.9,1280.315392,24,1194.06592,A
129.56976395200036,99.9,1280.315392,24,1194.06592,A
130.0700282070011,99.9,1280.315392,24,1194.06592,A
130.57027059200118,100.0,1280.315392,24,1189.871616,A
131.07055779300026,99.9,1280.315392,24,1189.871616,A
131.57085256500068,99.9,1280.315392,19,1189.871616,A
132.07110023400128,99.9,1280.315392,19,1189.871616,A
132.57142103000115,99.9,1280.315392,20,1189.871616,A
133.07169164600055,99.9,1280.315392,20,1189.871616,A
133.57190037800137,100.0,1280.315392,20,1189.871616,A
134.0721898640004,99.9,1280.315392,20,1189.871616,A
134.5724145130007,100.0,1280.315392,19,1189.871616,A
135.07268836200092,99.9,1280.315392,19,1189.871616,A
135.57300223200036,99.9,1280.315392,20,1189.871616,A
136.07328938300088,99.9,1280.315392,20,1189.871616,A
136.57361970400052,99.9,1280.315392,20,1189.871616,A
137.07398252400162,101.9,1280.315392,20,1189.871616,A
137.57421077100116,100.0,1280.315392,19,1189.871616,A
138.074501684001,99.9,1280.315392,19,1189.871616,A
138.5747622530016,100.0,1280.315392,19,1189.871616,A
139.0749918190013,100.0,1280.315392,19,1189.871616,A
139.57525933299985,99.9,1280.315392,25,1189.871616,A
140.07553587000075,99.9,1280.512,25,1194.06592,A
140.5757913460002,99.9,1280.512,25,1198.784512,A
141.0760235350008,100.0,1280.512,25,1198.784512,A
141.5763100080003,99.9,1280.512,25,1198.391296,A
142.076550537,100.0,1280.512,25,1198.391296,A
142.57685288700122,101.9,1280.512,25,1198.260224,A
143.07716486900063,99.9,1280.512,25,1198.260224,A
143.577419964,99.9,1280.512,19,1198.260224,A
144.0776750240002,99.9,1280.512,19,1198.260224,A
144.57798770800036,99.9,1280.512,21,1198.260224,A
145.07824026800154,100.0,1280.512,21,1194.06592,A
145.5785269220014,99.9,1280.512,20,1189.871616,A
146.07877892500073,99.9,1280.512,20,1189.871616,A
146.5790409000001,99.9,1280.512,23,1189.871616,A
147.07940670600146,99.9,1280.512,23,1189.871616,A
147.57979136300128,99.9,1280.512,25,1189.871616,A
148.08017596600075,99.9,1280.512,25,1189.871616,A
148.5805598750012,99.9,1280.512,24,1189.871616,A
149.08088633100124,101.9,1280.512,24,1189.871616,A
149.58130048600106,99.9,1280.512,25,1189.871616,A
150.08167306500036,99.9,1280.512,25,1189.871616,A
150.5820421160006,99.9,1280.512,24,1189.871616,A
151.08240773500074,99.9,1280.512,24,1189.871616,A
151.58272597900032,99.9,1280.512,18,1189.871616,A
152.083101997001,99.9,1280.512,18,1189.871616,A
152.58347542200136,99.9,1280.512,24,1189.871616,A
153.08386484400035,99.9,1280.512,24,1189.871616,A
153.58426727799997,99.9,1280.512,20,1189.871616,A
154.08464956800162,99.9,1280.512,20,1189.871616,A
154.58505508300004,99.9,1280.512,18,1189.871616,A
155.08535683800073,99.9,1280.512,18,1189.871616,A
155.58573108200108,99.9,1280.512,20,1189.871616,A
156.08611813700008,101.9,1280.512,20,1189.871616,A
156.58650597300038,99.9,1280.512,21,1189.871616,A
157.08687117699992,99.9,1280.512,21,1189.871616,A
157.58725752100145,99.9,1280.512,17,1189.871616,A
158.08763476500098,99.9,1280.512,17,1189.871616,A
158.58800766400054,99.9,1280.512,19,1189.871616,A
159.0883762480007,99.9,1280.512,19,1189.871616,A
159.5887408510007,99.9,1280.512,20,1189.871616,A
160.08912872800101,99.9,1280.512,20,1189.871616,A
160.58950239300066,99.9,1280.512,25,1189.871616,A
161.08986551100134,99.9,1280.512,25,1189.871616,A
161.5902286870005,99.9,1280.512,25,1189.871616,A
162.09059522200005,99.9,1280.512,25,1189.871616,A
162.59097576600107,99.9,1280.512,25,1189.871616,A
163.09135308300029,99.9,1280.512,25,1189.871616,A
163.59171761200014,99.9,1280.512,25,1189.871616,A
164.09209033000116,101.9,1280.512,25,1189.871616,A
164.59233974900053,99.9,1280.512,20,1189.871616,A
165.09265822199995,99.9,1280.512,20,1189.871616,A
165.59294941200096,99.9,1280.512,25,1189.871616,A
166.09321142000044,99.9,1280.512,25,1189.871616,A
166.5934647920003,99.9,1280.512,20,1189.871616,A
167.09375433700006,99.9,1280.512,20,1189.871616,A
167.59400406700115,100.0,1280.512,20,1189.871616,A
168.09425319000002,100.0,1280.512,20,1189.871616,A
168.59453827700054,99.9,1280.512,25,1189.871616,A
169.09496902499995,101.9,1280.512,25,1189.871616,A
169.59521473899986,100.0,1280.512,25,1189.871616,A
170.09551454600114,99.9,1280.512,25,1189.871616,A
170.59580645200003,99.9,1280.512,25,1189.871616,A
171.09635778700067,99.9,1280.512,25,1189.871616,A
171.59657377199983,100.0,1280.512,25,1189.871616,A
172.09684371200092,99.9,1280.512,25,1189.871616,A
172.59717413700128,99.9,1280.512,25,1189.871616,A
173.0975515730006,99.9,1280.512,25,1189.871616,A
173.597914330001,99.9,1280.512,25,1189.871616,A
174.0981705009999,99.9,1280.512,25,1189.871616,A
174.5985238250014,99.9,1280.512,25,1189.871616,A
175.09877447000144,99.9,1280.512,25,1189.871616,A
175.59908907600038,101.9,1280.512,25,1189.871616,A
176.09945216400047,99.9,1280.512,25,1189.871616,A
176.59975139500057,99.9,1280.512,24,1189.871616,A
177.10005202899993,99.9,1280.512,24,1189.871616,A
177.6004021940007,99.9,1280.512,21,1189.871616,A
178.1007617080013,99.9,1280.512,21,1189.871616,A
178.601021425,99.9,1280.512,18,1189.871616,A
179.10154643100032,99.9,1280.512,18,1189.871616,A
179.60173230400142,100.0,1280.512,18,1189.871616,A
180.10193777600034,100.0,1280.512,18,1189.871616,A
180.60224799300158,99.9,1293.684736,20,1189.871616,A
181.1025288230012,99.9,1293.684736,20,1189.871616,A
181.60303843100155,99.9,1293.684736,25,1189.871616,A
182.10320699500153,100.0,1293.684736,25,1189.871616,A
182.60353129600117,99.9,1293.684736,25,1189.871616,A
183.10383663500033,99.9,1293.684736,25,1189.871616,A
183.60418869500063,99.9,1293.684736,24,1189.871616,A
184.10447949100126,99.9,1293.684736,24,1189.871616,A
184.60484476500096,99.9,1293.684736,25,1189.871616,A
185.10522215499986,99.9,1293.684736,25,1189.871616,A
185.60552694000035,99.9,1293.684736,20,1194.590208,A
186.10607439100022,101.9,1293.684736,20,1194.590208,A
186.60624701000052,100.0,1293.684736,21,1194.196992,A
187.10647342000084,100.0,1293.684736,21,1194.196992,A
187.6067797020005,99.9,1293.684736,21,1194.06592,A
188.10707975400146,99.9,1293.684736,21,1194.06592,A
188.6073896450016,99.9,1293.684736,17,1194.06592,A
189.1077699510006,99.9,1293.684736,17,1194.06592,A
189.60794780000106,100.0,1293.684736,24,1194.06592,A
190.10819437600003,100.0,1293.684736,24,1194.06592,A
190.60850237700106,99.9,1293.684736,25,1189.871616,A
191.108987136,99.9,1293.684736,25,1189.871616,A
191.60936218100142,99.9,1293.684736,25,1189.871616,A
192.10955417200057,100.0,1293.684736,25,1189.871616,A
192.6097525010009,100.0,1293.684736,25,1189.871616,A
193.11005506699985,99.9,1293.684736,25,1189.871616,A
193.61029045000032,100.0,1293.684736,20,1189.871616,A
194.11059960000057,99.9,1293.684736,20,1189.871616,A
194.61075270900074,100.0,1293.684736,19,1189.871616,A
195.1109801370003,100.0,1293.684736,19,1189.871616,A
195.61125038700084,99.9,1293.684736,20,1189.871616,A
196.11154195600102,101.9,1293.684736,20,1189.871616,A
196.61191621000035,99.9,1293.684736,18,1189.871616,A
197.11236723300135,99.9,1293.684736,18,1189.871616,A
197.61289017700074,101.9,1293.684736,18,1189.871616,A
198.11308400500093,100.0,1293.684736,18,1189.871616,A
198.61338380600137,99.9,1293.684736,20,1189.871616,A
199.113779401001,99.9,1293.684736,20,1189.871616,A
199.61403927500032,99.9,1293.684736,21,1189.871616,A
200.1145306490016,99.9,1293.684736,21,1189.871616,A
200.61474026799988,100.0,1293.684736,20,1194.590208,A
201.11505127200144,99.9,1293.684736,20,1194.590208,A
201.61521830600032,100.0,1293.684736,25,1194.196992,A
202.11549054800162,99.9,1293.684736,25,1194.196992,A
202.61582831600026,99.9,1293.684736,25,1194.06592,A
203.11624748600116,99.9,1293.684736,25,1194.06592,A
203.61647310900116,100.0,1293.684736,25,1194.06592,A
204.1167827420013,99.9,1293.684736,25,1194.06592,A
204.61703271199985,99.9,1293.684736,25,1194.06592,A
205.11741713100128,99.9,1293.684736,25,1194.06592,A
205.61773372500102,99.9,1293.684736,25,1189.871616,A
206.1180377010005,99.9,1293.881344,25,1189.871616,A
206.61827479300155,99.9,1293.881344,25,1189.871616,A
207.11855172800097,99.9,1293.881344,25,1189.871616,A
207.61890094400042,101.9,1293.881344,25,1189.871616,A
208.11929512300048,99.9,1293.881344,25,1189.871616,A
208.61967329600157,99.9,1293.881344,25,1189.871616,A
209.1199001370005,100.0,1293.881344,25,1189.871616,A
209.6201575390005,99.9,1293.881344,25,1189.871616,A
210.12050553000154,99.9,1293.881344,25,1189.871616,A
210.62082890300007,99.9,1293.881344,25,1189.871616,A
211.12134776600033,99.9,1293.881344,25,1189.871616,A
211.62157792000107,100.0,1293.881344,25,1189.871616,A
212.12184423700091,99.9,1293.881344,25,1189.871616,A
212.6221118430003,99.9,1293.881344,24,1189.871616,A
213.12237846000062,99.9,1293.881344,24,1189.871616,A
213.62268578400108,99.9,1293.881344,24,1189.871616,A
214.12289942000098,100.0,1293.881344,24,1189.871616,A
214.62314590300048,100.0,1293.881344,19,1189.871616,A
215.12340093400053,99.9,1293.881344,19,1189.871616,A
215.62366128600115,99.9,1293.881344,19,1189.871616,A
216.12390036600118,102.0,1293.881344,19,1189.871616,A
216.6242042210015,99.9,1293.881344,16,1189.871616,A
217.12457731799987,99.9,1293.881344,16,1189.871616,A
217.62485491799998,99.9,1293.881344,15,1189.871616,A
218.12512962500114,99.9,1293.881344,15,1189.871616,A
218.62541671600047,99.9,1293.881344,20,1189.871616,A
219.1257020130015,99.9,1293.881344,20,1189.871616,A
219.6259812340013,99.9,1293.881344,20,1189.871616,A
220.12623720400006,99.9,1293.881344,20,1189.871616,A
220.62651468500007,99.9,1293.881344,20,1189.871616,A
221.12676980800097,99.9,1293.881344,20,1189.871616,A
221.6270507570007,99.9,1293.881344,19,1189.871616,A
222.12737881700014,99.9,1293.881344,19,1189.871616,A
222.62770546499996,99.9,1293.881344,25,1189.871616,A
223.12819080600093,99.9,1293.881344,25,1189.871616,A
223.62845233200096,99.9,1293.881344,25,1189.871616,A
224.1286821570011,100.0,1293.881344,25,1189.871616,A
224.6290916830003,101.9,1293.881344,25,1189.871616,A
225.12941520700042,99.9,1293.881344,25,1189.871616,A
225.6296783480011,99.9,1293.881344,25,1189.871616,A
226.1299006140016,100.0,1293.881344,25,1189.871616,A
226.6301793470011,99.9,1293.881344,20,1189.871616,A
227.1306076790006,99.9,1293.881344,20,1189.871616,A
227.63089484600096,101.9,1293.881344,19,1189.871616,A
228.13135274100023,99.9,1293.881344,19,1189.871616,A
228.63158851800108,99.9,1293.881344,21,1189.871616,A
229.13186363400018,99.9,1293.881344,21,1189.871616,A
229.63215830400077,99.9,1293.881344,21,1189.871616,A
230.13242875000105,99.9,1293.881344,21,1189.871616,A
230.63270615300098,99.9,1293.881344,20,1189.871616,A
231.13296128399998,99.9,1293.881344,20,1189.871616,A
231.63321208600064,99.9,1293.881344,25,1189.871616,A
232.13347150000118,99.9,1293.881344,25,1189.871616,A
232.6339908509999,99.9,1293.881344,25,1189.871616,A
233.13416094000058,100.0,1293.881344,25,1189.871616,A
233.63434027900075,100.0,1293.881344,25,1189.871616,A
234.13461285599988,99.9,1293.881344,25,1189.871616,A
234.63493739500154,99.9,1293.881344,25,1189.871616,A
235.13518816100077,99.9,1293.881344,25,1189.871616,A
235.63549465000142,99.9,1293.881344,25,1189.871616,A
236.13573510900096,100.0,1293.881344,25,1189.871616,A
236.63603342900024,101.9,1293.881344,24,1190.330368,A
237.13650270100152,99.9,1293.881344,24,1193.934848,A
237.636831445001,99.9,1293.881344,21,1194.328064,A
238.13735388200075,99.9,1293.881344,21,1205.20704,A
238.63763224800095,99.9,1293.881344,21,1202.847744,A
239.13806988200122,99.9,1293.881344,21,1205.20704,A
239.63829312100097,100.0,1293.881344,25,1203.437568,A
240.13846213000033,100.0,1293.881344,25,1203.437568,A
240.6390211070011,99.9,1293.881344,21,1203.109888,A
241.13938824900106,99.9,1293.881344,21,1203.109888,A
241.63975665900034,99.9,1293.881344,21,1203.109888,A
242.1399965090004,100.0,1293.881344,21,1202.454528,A
242.64016066000113,100.0,1293.881344,20,1202.454528,A
243.14057171400054,99.9,1293.881344,20,1201.733632,A
243.64077284500127,100.0,1297.616896,21,1201.668096,A
244.14107307300037,99.9,1297.616896,21,1201.668096,A
244.64138607000132,99.9,1297.616896,23,1201.668096,A
245.14161951900132,99.9,1297.616896,23,1201.668096,A
245.64202766800008,99.9,1297.616896,36,1211.10528,A
246.14225972700115,100.0,1297.616896,36,1215.234048,A
246.64255831100127,101.9,1297.616896,25,1214.251008,A
247.1428433400015,99.9,1297.616896,25,1214.251008,A
247.64318363100028,99.9,1297.616896,22,1212.08832,A
248.14349331000085,99.9,1297.616896,22,1212.08832,A
248.6438992880012,99.9,1297.616896,26,1210.974208,A
249.14420160400005,99.9,1297.616896,26,1210.974208,A
249.64469500199993,99.9,1297.616896,29,1210.974208,A
250.14492181700007,100.0,1297.616896,29,1210.974208,A
250.64518520800084,99.9,1297.616896,27,1206.714368,A
251.14544730300076,99.9,1297.616896,27,1203.961856,A
251.645631116,100.0,1297.616896,24,1203.961856,A
252.14591718300107,99.9,1297.616896,24,1203.961856,A
252.6462357190012,99.9,1297.616896,24,1203.961856,A
253.1465572850011,99.9,1297.616896,24,1203.961856,A
253.64688850099992,99.9,1297.616896,26,1203.961856,A
254.14714270500008,99.9,1297.616896,26,1203.961856,A
254.64746058200035,99.9,1297.616896,25,1203.961856,A
255.14777549100108,99.9,1297.616896,25,1203.961856,A
255.64814129700062,99.9,1297.616896,26,1203.961856,A
256.14839980500074,99.9,1297.616896,26,1203.961856,A
256.648772904,101.9,1297.616896,32,1213.267968,A
257.14923041900147,99.9,1297.616896,32,1213.267968,A
257.6494831020009,100.0,1297.616896,19,1213.857792,A
258.14965964100156,100.0,1297.616896,19,1208.025088,A
258.6499371710015,101.9,1297.616896,18,1208.025088,A
259.1503290230012,99.9,1297.616896,18,1210.253312,A
259.6506458210006,99.9,1297.616896,27,1210.253312,A
260.1507965560013,100.0,1297.616896,27,1210.253312,A
260.651077505001,99.9,1297.616896,18,1214.971904,A
261.1514192780014,99.9,1297.616896,18,1218.772992,A
261.6515855530015,100.0,1297.616896,35,1218.445312,A
262.15182875700157,100.0,1297.616896,35,1218.445312,A
262.65221962600117,99.9,1297.616896,19,1216.151552,A
263.15254238000125,99.9,1297.616896,19,1216.151552,A
263.6527836000005,100.0,1297.616896,21,1218.31424,A
264.1532101840003,99.9,1297.616896,21,1217.98656,A
264.65338310300103,100.0,1297.616896,25,1217.98656,A
265.1536308949999,100.0,1297.616896,25,1217.98656,A
265.65397734399994,99.9,1297.616896,27,1211.629568,A
266.1542586560008,99.9,1297.616896,27,1211.629568,A
266.65447830500125,102.0,1297.616896,25,1211.629568,A
267.154764496001,99.9,1297.616896,25,1211.629568,A
267.6550373030004,99.9,1297.616896,25,1211.629568,A
268.1554682599999,99.9,1297.616896,25,1216.610304,A
268.6557536320015,99.9,1298.796544,29,1216.610304,A
269.1559676320012,100.0,1298.796544,29,1214.906368,A
269.65641980700093,99.9,1298.796544,31,1214.906368,A
270.15659721700104,100.0,1298.796544,31,1214.906368,A
270.6567653890015,100.0,1298.796544,30,1214.906368,A
271.15703716400094,99.9,1298.796544,30,1214.906368,A
271.657311555,99.9,1298.796544,29,1214.906368,A
272.15758057400126,99.9,1298.796544,29,1214.906368,A
272.65781403300025,100.0,1298.796544,32,1214.906368,A
273.1581377600014,99.9,1298.796544,32,1214.906368,A
273.65845902399997,99.9,1298.796544,31,1214.906368,A
274.1587075060015,99.9,1298.796544,31,1214.906368,A
274.6590672780003,99.9,1298.796544,33,1214.906368,A
275.15938903500137,99.9,1298.796544,33,1214.906368,A
275.65971197,99.9,1298.796544,32,1214.906368,A
276.1599569730006,99.9,1298.796544,32,1214.906368,A
276.66041172600126,99.9,1298.796544,30,1214.906368,A
277.16064473200095,100.0,1298.796544,30,1214.906368,A
277.66088585000034,100.0,1298.796544,29,1214.906368,A
278.16119352200076,99.9,1298.796544,29,1214.906368,A
278.6614998620007,99.9,1298.796544,33,1214.906368,A
279.16181646900077,99.9,1298.796544,33,1214.906368,A
279.6621392490015,101.9,1298.796544,33,1214.906368,A
280.1625567610008,99.9,1298.796544,33,1214.906368,A
280.66276769100114,100.0,1298.796544,33,1214.906368,A
281.1630294530005,99.9,1298.796544,33,1214.906368,A
281.6632137430006,100.0,1298.796544,36,1214.906368,A
282.1634781140001,99.9,1298.796544,36,1214.906368,A
282.66377863300113,99.9,1298.796544,35,1214.906368,A
283.16404833100023,99.9,1298.796544,35,1214.906368,A
283.6645773720011,99.9,1298.796544,35,1214.906368,A
284.1647520310016,100.0,1298.796544,35,1214.906368,A
284.6650305300009,99.9,1298.796544,35,1214.906368,A
285.16541598300137,99.9,1298.796544,35,1214.906368,A
285.66565385300055,100.0,1298.796544,36,1214.906368,A
286.16589970899986,99.9,1298.796544,36,1214.906368,A
286.6661815330008,99.9,1298.796544,35,1214.906368,A
287.1664644350003,99.9,1298.796544,35,1219.100672,A
287.6667021860012,100.0,1298.796544,35,1219.100672,A
288.1669021200014,102.0,1298.796544,35,1219.100672,A
288.66714482099997,100.0,1298.796544,35,1219.100672,A
289.1673824870013,100.0,1298.796544,35,1219.100672,A
289.66762977300095,100.0,1298.796544,37,1219.100672,A
290.16787127800126,102.0,1298.796544,37,1219.100672,A
290.6681403300008,99.9,1298.796544,28,1219.100672,A
291.16844503500033,99.9,1298.796544,28,1219.100672,A
291.6687185110004,99.9,1298.796544,29,1219.100672,A
292.1690195200008,99.9,1298.796544,29,1247.15008,A
292.6693157590016,99.9,1298.796544,37,1274.544128,A
293.1695601219999,100.0,1298.796544,37,1278.738432,A
293.6698051359999,100.0,1298.796544,35,1278.738432,A
294.1700536160006,100.0,1298.796544,35,1278.738432,A
294.67035358500107,99.9,1298.796544,35,1278.869504,A
295.1706168290002,99.9,1298.796544,35,1291.976704,A
295.67090393800027,99.9,1298.796544,33,1301.151744,A
296.17122239400123,99.9,1298.796544,33,1301.151744,A
296.6715343450014,99.9,1298.796544,35,1301.151744,A
297.1717922780008,99.9,1298.796544,35,1295.908864,A
297.67207279600007,99.9,1298.796544,31,1289.551872,A
298.17232054000124,102.0,1298.796544,31,1285.357568,A
298.6725654710008,100.0,1298.796544,40,1279.26272,A
299.1728253660003,99.9,1298.796544,40,1279.26272,A
299.6730690150016,100.0,1298.796544,44,1276.510208,A
300.1733193979999,99.9,1298.796544,44,1265.434624,A
300.67356997800016,99.9,1298.796544,29,1256.521728,A
301.1739041110013,99.9,1298.796544,29,1235.288064,A
301.6741319490011,100.0,1298.796544,34,1222.443008,A
302.1743620470006,100.0,1298.796544,34,1222.180864,A
302.67461460900086,100.0,1298.796544,32,1222.180864,A
303.17487249400074,99.9,1298.796544,32,1222.180864,A
303.6751154120011,100.0,1298.796544,31,1222.180864,A
304.17534601100124,100.0,1298.796544,31,1222.180864,A
304.675591833,100.0,1298.796544,30,1222.180864,A
305.1758329889999,100.0,1298.796544,30,1222.180864,A
305.6761192560007,99.9,1298.796544,30,1226.899456,A
306.1763585540011,100.0,1298.796544,30,1226.899456,A
306.6765953940012,100.0,1298.796544,31,1226.50624,A
307.1768291190001,100.0,1298.796544,31,1226.50624,A
307.6770677889999,100.0,1298.796544,30,1226.375168,A
308.1773136410011,101.9,1298.796544,30,1225.654272,A
308.67761763199996,99.9,1298.796544,21,1225.654272,A
309.1778653850015,98.0,1298.796544,21,1225.654272,A
309.67810128900055,102.0,1298.796544,23,1225.654272,A
310.17833326100117,100.0,1298.796544,23,1225.654272,A
310.6785690530014,100.0,1298.796544,30,1221.459968,A
311.17880144599985,100.0,1298.796544,30,1216.544768,A
311.67905555200014,99.9,1298.796544,41,1222.180864,A
312.17931291600144,99.9,1298.796544,41,1222.180864,A
312.67955164400155,100.0,1298.796544,30,1222.180864,A
313.1797800910008,100.0,1298.796544,30,1222.180864,A
313.6800276590002,100.0,1298.796544,30,1222.180864,A
314.1802685620005,100.0,1298.796544,30,1222.180864,A
314.68051666500105,100.0,1298.796544,28,1222.180864,A
315.180824477,99.9,1298.796544,28,1222.180864,A
315.6810740740002,99.9,1298.796544,29,1222.180864,A
316.18133539300106,99.9,1298.796544,29,1222.180864,A
316.68164258600154,99.9,1298.796544,28,1222.180864,A
317.1818995680005,99.9,1298.796544,28,1222.180864,A
317.68219417100045,99.9,1298.796544,28,1222.180864,A
318.1824521950002,101.9,1298.796544,28,1222.180864,A
318.6827150150002,99.9,1298.796544,30,1222.180864,A
319.1829775570004,99.9,1298.796544,30,1211.170816,A
319.68325217500023,99.9,1298.796544,30,1211.170816,A
320.1834960460001,99.9,1298.796544,30,1211.170816,A
320.68380769299984,99.9,1298.796544,33,1215.889408,A
321.18406338300156,101.9,1298.796544,33,1215.889408,A
321.684348191,99.9,1298.796544,33,1215.496192,A
322.1845856939999,100.0,1298.796544,33,1215.496192,A
322.6848765570012,99.9,1298.796544,28,1215.36512,A
323.18514184700143,99.9,1298.796544,28,1215.36512,A
323.6853835390011,100.0,1298.796544,29,1215.36512,A
324.18562246500005,100.0,1298.796544,29,1215.36512,A
324.6859288330015,99.9,1298.796544,27,1215.36512,A
325.1861775950001,100.0,1298.796544,27,1215.36512,A
325.68642542400084,99.9,1298.796544,27,1211.170816,A
326.18673332600156,99.9,1298.796544,27,1211.170816,A
326.6869947490013,99.9,1298.796544,28,1211.170816,A
327.1872332110015,100.0,1298.796544,28,1211.170816,A
327.68747131000055,100.0,1298.796544,28,1211.170816,A
328.1877072269999,100.0,1298.796544,28,1211.170816,A
328.6879976420005,99.9,1298.796544,28,1211.170816,A
329.1882457090014,100.0,1298.796544,28,1211.170816,A
329.6885255750003,101.9,1298.796544,29,1211.170816,A
330.18877530100144,100.0,1298.796544,29,1211.170816,A
330.6890182220013,100.0,1298.796544,28,1211.170816,A
331.1892634670003,100.0,1298.796544,28,1211.170816,A
331.6895077959998,100.0,1298.796544,30,1211.170816,A
332.189760366,99.9,1298.796544,30,1211.170816,A
332.69004593000136,99.9,1298.796544,30,1211.170816,A
333.19033973300066,99.9,1298.796544,30,1211.891712,A
333.69061588000113,99.9,1298.796544,38,1217.921024,A
334.19087013600074,99.9,1298.796544,38,1230.4384,A
334.69111706900003,100.0,1298.796544,33,1255.145472,A
335.19142073200055,99.9,1298.796544,33,1255.145472,A
335.6916649070008,100.0,1298.796544,29,1254.68672,A
336.1919135750013,99.9,1298.796544,29,1254.68672,A
336.69221306000145,99.9,1298.796544,33,1254.883328,A
337.1924617069999,100.0,1298.796544,33,1256.128512,A
337.69274623300043,99.9,1298.796544,37,1255.931904,A
338.19301939900106,99.9,1298.796544,37,1255.931904,A
338.6933064040004,101.9,1298.796544,32,1253.376,A
339.1935510860003,100.0,1298.796544,32,1253.376,A
339.6937953050001,100.0,1298.796544,34,1242.824704,A
340.19406630900085,99.9,1298.796544,34,1238.368256,A
340.69433594600014,99.9,1298.796544,39,1238.892544,A
341.1945894090004,100.0,1298.796544,39,1235.812352,A
341.6948336840014,99.9,1298.796544,30,1238.433792,A
342.19509550800103,99.9,1298.796544,30,1230.307328,A
342.69537132500045,99.9,1298.796544,22,1227.554816,A
343.1956791390003,99.9,1298.796544,22,1227.554816,A
343.6960360920002,99.9,1298.796544,25,1225.981952,A
344.1963661890004,99.9,1298.796544,25,1225.981952,A
344.6966869650005,99.9,1298.796544,27,1225.981952,A
345.19695768300153,99.9,1298.796544,27,1228.668928,A
345.6972090640011,99.9,1298.796544,28,1228.668928,A
346.1975150440012,99.9,1298.796544,28,1218.445312,A
346.6978058120003,101.9,1298.796544,33,1212.350464,A
347.1980661280013,99.9,1298.796544,33,1212.350464,A
347.69838488700043,99.9,1298.796544,39,1206.124544,A
348.1986730630015,99.9,1298.796544,39,1205.53472,A
348.6988990959999,102.0,1298.796544,30,1205.53472,A
349.19919869500154,99.9,1298.796544,30,1205.53472,A
349.6994464850013,100.0,1298.796544,19,1205.53472,A
350.1996951740002,100.0,1298.796544,19,1200.61952,A
350.69999687900054,99.9,1298.796544,24,1200.61952,A
351.20030464200136,99.9,1298.796544,24,1200.488448,A
351.70056501900035,99.9,1298.796544,25,1200.226304,A
352.2008057310013,100.0,1298.796544,25,1200.226304,A
352.70109696300096,99.9,1298.796544,29,1200.226304,A
353.20133191700006,100.0,1298.796544,29,1200.226304,A
353.70157034300064,100.0,1298.796544,26,1200.226304,A
354.20182165700135,99.9,1298.796544,26,1200.226304,A
354.70207162299994,100.0,1298.796544,26,1200.226304,A
355.20236550900154,99.9,1298.796544,26,1200.226304,A
355.7026813020002,99.9,1298.796544,27,1204.486144,A
356.2029014840009,100.0,1298.796544,27,1204.486144,A
356.70313322400034,100.0,1298.796544,19,1212.809216,A
357.20336815800147,100.0,1298.796544,19,1228.603392,A
357.703596157,100.0,1298.796544,25,1232.666624,A
358.20383014100116,102.0,1298.796544,25,1232.666624,A
358.7040763640016,100.0,1298.796544,24,1230.831616,A
359.2043194070011,100.0,1298.796544,24,1230.831616,A
359.70456292200106,100.0,1298.796544,24,1229.651968,A
360.20484525900065,99.9,1298.796544,24,1229.651968,A
360.7051169590013,99.9,1298.796544,25,1225.85088,A
361.205418724001,99.9,1298.796544,25,1225.85088,A
361.70567415200094,100.0,1298.796544,24,1225.85088,A
362.20598771799996,99.9,1298.796544,24,1221.394432,A
362.7062688270016,99.9,1298.796544,24,1200.160768,A
363.206535835001,99.9,1298.796544,24,1200.160768,A
363.7067826720013,100.0,1298.796544,24,1200.160768,A
364.2070266380015,100.0,1298.796544,24,1200.160768,A
364.7073137330008,99.9,1298.796544,24,1200.160768,A
365.2076197100014,99.9,1298.796544,24,1204.87936,A
365.7078629940006,100.0,1298.796544,24,1204.87936,A
366.20810641200114,100.0,1298.796544,24,1200.685056,A
366.70835124900077,100.0,1298.796544,24,1200.29184,A
367.20864869600155,99.9,1298.796544,24,1200.29184,A
367.7089808280016,99.9,1298.796544,24,1200.160768,A
368.2092370220016,99.9,1298.796544,24,1200.160768,A
368.7094942020012,101.9,1298.796544,19,1200.160768,A
369.2097437240009,99.9,1298.796544,19,1200.160768,A
369.7100616790012,99.9,1298.796544,20,1200.160768,A
370.2103523700007,99.9,1298.796544,20,1195.966464,A
370.71060900700104,99.9,1298.796544,18,1195.966464,A
371.21085238900014,100.0,1298.796544,18,1195.966464,A
371.7111162630008,99.9,1298.796544,21,1195.966464,A
372.21137154999997,99.9,1298.796544,21,1195.966464,A
372.7116303110015,99.9,1298.796544,24,1195.966464,A
373.2119652900001,99.9,1298.796544,24,1195.966464,A
373.712193921001,100.0,1298.796544,22,1195.966464,A
374.21245688900126,99.9,1298.796544,22,1195.966464,A
374.7127038100007,100.0,1298.796544,23,1195.966464,A
375.21290017400133,100.0,1298.796544,23,1195.966464,A
375.7131434620005,102.0,1298.796544,23,1195.966464,A
376.21339182200063,99.9,1298.796544,23,1195.966464,A
376.71367705800003,99.9,1298.796544,23,1195.966464,A
377.2139068920005,100.0,1298.796544,23,1195.966464,A
377.7141961000016,99.9,1298.796544,20,1195.966464,A
378.2144879910011,99.9,1298.796544,20,1195.966464,A
378.71480117400097,99.9,1298.796544,21,1195.966464,A
379.215090089001,99.9,1298.796544,21,1195.966464,A
379.71537716000057,99.9,1298.796544,20,1195.966464,A
380.2156675570004,99.9,1298.796544,20,1195.966464,A
380.7159702910012,99.9,1298.796544,21,1200.685056,A
381.2162409700013,99.9,1298.796544,21,1200.685056,A
381.71650633300123,99.9,1298.796544,0,1200.29184,A
382.2167957970014,99.9,1298.796544,0,1200.29184,A
382.7170813339999,99.9,1298.796544,24,1200.160768,A
383.2173981720007,99.9,1298.796544,24,1200.160768,A
383.71769962800136,99.9,1298.796544,24,1200.160768,A
384.21796686500056,101.9,1298.796544,24,1200.160768,A
384.71826080400024,99.9,1298.796544,24,1200.160768,A
385.21855792800125,99.9,1298.796544,24,1200.160768,A
385.71885070700046,99.9,1298.796544,17,1195.966464,A
386.21918202100096,99.9,1298.796544,17,1195.966464,A
386.719446815001,99.9,1298.796544,15,1195.966464,A
387.2196980690005,102.0,1298.796544,15,1195.966464,A
387.71997609900063,99.9,1298.796544,17,1195.966464,A
388.2202871820009,99.9,1298.796544,17,1195.966464,A
388.7206073000016,99.9,1298.796544,19,1195.966464,A
389.22094720300083,99.9,1298.796544,19,1195.966464,A
389.7212003069999,99.9,1298.796544,19,1195.966464,A
390.22147483200024,99.9,1298.796544,19,1195.966464,A
390.7217559340006,99.9,1298.796544,20,1195.966464,A
391.22200354100096,100.0,1298.796544,20,1195.966464,A
391.7222801250009,99.9,1298.796544,19,1195.966464,A
392.2225665820006,99.9,1298.796544,19,1195.966464,A
392.7228582810003,99.9,1298.796544,21,1195.966464,A
393.2231995830007,99.9,1298.796544,21,1195.966464,A
393.72344687199984,100.0,1298.796544,23,1195.966464,A
394.22368844500124,102.0,1298.796544,23,1195.966464,A
394.72390053800154,100.0,1298.796544,24,1195.966464,A
395.2241937790004,99.9,1298.796544,24,1195.966464,A
395.7244420220013,100.0,1298.796544,23,1195.966464,A
396.2246899040001,99.9,1298.796544,23,1195.966464,A
396.7249000470001,100.0,1298.796544,23,1195.966464,A
397.2251573980011,99.9,1298.796544,23,1195.966464,A
397.7253950760005,100.0,1298.796544,22,1195.966464,A
398.2257103210013,99.9,1298.796544,22,1195.966464,A
398.7260013690011,99.9,1298.796544,22,1195.966464,A
399.2262452030009,100.0,1298.796544,22,1195.966464,A
399.72647193100056,100.0,1298.796544,19,1195.966464,A
400.22670657800154,100.0,1298.796544,19,1195.966464,A
400.7269938019999,99.9,1298.796544,23,1195.966464,A
401.2272454410013,100.0,1298.796544,23,1195.966464,A
401.7274988580011,99.9,1298.796544,20,1195.966464,A
402.22774852600014,100.0,1298.796544,20,1195.966464,A
402.72799888100053,99.9,1298.796544,19,1195.966464,A
403.2283099140004,101.9,1298.796544,19,1195.966464,A
403.7285730470012,99.9,1298.796544,23,1195.966464,A
404.2288135360013,100.0,1298.796544,23,1195.966464,A
404.72907332900104,99.9,1298.796544,20,1195.966464,A
405.2293614850005,99.9,1298.796544,20,1195.966464,A
405.72965831500005,99.9,1298.796544,24,1195.966464,A
406.22995785700004,99.9,1298.796544,24,1195.966464,A
406.73026271300114,99.9,1298.796544,19,1195.966464,A
407.2305774310007,99.9,1298.796544,19,1195.966464,A
407.7309014620005,99.9,1298.796544,20,1195.966464,A
408.23115132400017,100.0,1298.796544,20,1195.966464,A
408.7314029400004,99.9,1298.796544,18,1195.966464,A
409.2316355090006,100.0,1298.796544,18,1195.966464,A
409.73193729300147,99.9,1298.796544,19,1195.966464,A
410.23221206000017,99.9,1298.796544,19,1195.966464,A
410.7324610980013,100.0,1298.796544,19,1195.966464,A
411.23270605000107,100.0,1298.796544,19,1195.966464,A
411.7329556530003,99.9,1298.796544,20,1195.966464,A
412.2332490110002,101.9,1298.796544,20,1195.966464,A
412.733497737001,100.0,1298.796544,19,1195.966464,A
413.2337273580015,100.0,1298.796544,19,1195.966464,A
413.73393972099984,100.0,1298.796544,20,1195.966464,A
414.23418587500055,100.0,1298.796544,20,1195.966464,A
414.7344121990009,100.0,1298.796544,20,1195.966464,A
415.23469324000143,99.9,1298.796544,20,1195.966464,A
415.734964321,99.9,1298.796544,25,1195.966464,A
416.2352092860001,100.0,1298.796544,25,1195.966464,A
416.7354482390001,102.0,1298.796544,24,1195.966464,A
417.2356922600011,100.0,1298.796544,24,1195.966464,A
417.73589999600154,100.0,1298.796544,23,1195.966464,A
418.2361546580014,99.9,1298.796544,23,1195.966464,A
418.73639457300123,100.0,1298.796544,18,1195.966464,A
419.23662511600014,100.0,1298.796544,18,1195.966464,A
419.73685962499985,99.9,1298.796544,16,1195.966464,A
420.2371191070015,100.0,1298.796544,16,1195.966464,A
420.73736275900046,100.0,1298.796544,20,1195.966464,A
421.23766783000065,99.9,1298.796544,20,1195.966464,A
421.7379015550014,100.0,1298.796544,20,1195.966464,A
422.2381699280013,99.9,1298.796544,20,1195.966464,A
422.7384020950012,100.0,1298.796544,22,1195.966464,A
423.23868000600123,99.9,1298.796544,22,1195.966464,A
423.7389565330013,99.9,1298.796544,23,1195.966464,A
424.2392148020008,99.9,1298.796544,23,1195.966464,A
424.73946266500025,101.9,1298.796544,23,1195.966464,A
425.2397178700012,100.0,1298.796544,23,1196.490752,A
425.73996713900124,98.0,1298.796544,23,1196.490752,A
426.2402006600005,102.0,1298.796544,23,1196.490752,A
426.7404289140013,100.0,1298.796544,19,1196.097536,A
427.2407078610013,99.9,1298.796544,19,1196.097536,A
0.00013441600094665773,0.0,1300.762624,17,1206.255616,B
0.5011083210010838,91.8,1301.15584,17,1206.779904,B
1.0014546809998137,99.9,1301.15584,24,1206.779904,B
1.5019013130004168,99.9,1301.15584,24,1206.779904,B
2.0023209150003822,99.9,1301.15584,24,1206.386688,B
2.5028484819995356,99.9,1301.15584,24,1206.386688,B
3.0033575239995116,99.9,1301.15584,22,1206.255616,B
3.5039108590008254,99.9,1301.15584,22,1206.255616,B
4.004364730000816,99.9,1301.15584,22,1206.255616,B
4.504812012999537,99.9,1301.15584,22,1206.255616,B
5.005514544000107,101.9,1301.15584,18,1192.034304,B
5.505935324999882,101.9,1301.15584,18,1187.51232,B
6.006321614000626,99.9,1301.15584,21,1187.51232,B
6.506734026001141,99.9,1301.15584,21,1187.51232,B
7.007019782000498,99.9,1301.15584,20,1187.51232,B
7.507351442000072,99.9,1301.15584,20,1187.51232,B
8.007740257000478,99.9,1301.15584,20,1187.51232,B
8.508218783001212,99.9,1301.15584,20,1187.51232,B
9.008581820000472,99.9,1301.15584,20,1187.51232,B
9.509100661000048,99.9,1301.15584,20,1187.51232,B
10.009533153999655,99.9,1301.15584,19,1187.51232,B
10.510092634000102,99.9,1301.15584,19,1187.51232,B
11.010534679000557,99.9,1301.15584,19,1187.51232,B
11.511148265999509,99.9,1301.15584,19,1187.51232,B
12.01161401399986,99.9,1301.15584,17,1187.51232,B
12.51191711499996,99.9,1301.15584,17,1187.51232,B
13.012262747000932,99.9,1301.15584,29,1192.230912,B
13.512720091999654,101.9,1301.15584,29,1192.230912,B
14.0131230650004,99.9,1301.15584,18,1191.837696,B
14.513376687000346,99.9,1301.15584,18,1191.837696,B
15.013634515000376,99.9,1301.15584,17,1191.706624,B
15.514005627999722,99.9,1301.15584,17,1191.706624,B
16.014249841000492,100.0,1301.15584,18,1191.706624,B
16.514565935000064,99.9,1301.15584,18,1193.279488,B
17.014829267000096,99.9,1301.15584,17,1193.279488,B
17.51508241800002,100.0,1301.15584,17,1193.279488,B
18.01534015300058,101.9,1301.15584,18,1189.019648,B
18.515587130001222,100.0,1301.15584,18,1189.019648,B
19.015838336999877,99.9,1301.15584,19,1189.019648,B
19.516084957000203,100.0,1301.15584,19,1189.019648,B
20.01634229800038,99.9,1301.15584,19,1189.019648,B
20.51664391600025,99.9,1301.15584,19,1189.019648,B
21.016917324999667,99.9,1301.15584,22,1189.019648,B
21.51715467699978,100.0,1301.15584,22,1187.51232,B
22.017395586999555,100.0,1301.15584,20,1187.51232,B
22.51762326900098,100.0,1301.15584,20,1187.51232,B
23.01786594100122,100.0,1301.15584,19,1187.51232,B
23.518096646999766,100.0,1301.15584,19,1187.51232,B
24.018334677000894,100.0,1301.15584,22,1187.51232,B
24.51862004800023,99.9,1301.15584,22,1187.51232,B
25.01888391600005,99.9,1301.15584,18,1187.51232,B
25.519141152000884,99.9,1301.15584,18,1187.51232,B
26.019434118999925,99.9,1301.15584,20,1187.51232,B
26.519743486000152,99.9,1301.15584,20,1187.51232,B
27.020009813999422,99.9,1301.15584,20,1187.51232,B
27.520278723000956,99.9,1301.15584,20,1187.51232,B
28.02051277999999,100.0,1301.15584,16,1187.51232,B
28.52072745100122,100.0,1301.15584,16,1187.51232,B
29.020961210000678,100.0,1301.15584,20,1187.51232,B
29.52118800700009,100.0,1301.15584,20,1187.51232,B
30.021418921000077,102.0,1301.15584,18,1187.51232,B
30.52163412400114,98.0,1301.15584,18,1187.51232,B
31.02187304600011,100.0,1301.15584,19,1187.51232,B
31.522108024000772,100.0,1301.15584,19,1187.51232,B
32.02235261700116,101.9,1301.15584,19,1187.51232,B
32.52260784600003,99.9,1301.15584,19,1187.51232,B
33.02288040200074,99.9,1301.15584,19,1187.51232,B
33.52318404499965,99.9,1301.15584,19,1187.51232,B
34.023467752000215,101.9,1301.15584,19,1187.51232,B
34.52376583700061,99.9,1301.15584,19,1187.51232,B
35.02403685200079,99.9,1301.15584,22,1187.51232,B
35.524343023000256,99.9,1301.15584,22,1187.51232,B
36.0246570470008,99.9,1301.15584,19,1187.51232,B
36.5249938550005,99.9,1301.15584,19,1187.51232,B
37.02530214900071,99.9,1301.15584,20,1187.51232,B
37.525579450000805,99.9,1301.15584,20,1187.51232,B
38.0258508070001,99.9,1301.15584,19,1187.51232,B
38.5261039220004,99.9,1301.15584,19,1187.51232,B
39.026353773000665,100.0,1301.15584,20,1187.51232,B
39.52659739699993,100.0,1301.15584,20,1187.51232,B
40.02685063299941,99.9,1301.15584,19,1187.51232,B
40.52714030199968,99.9,1301.15584,19,1203.765248,B
41.02741534100096,101.9,1301.15584,20,1203.765248,B
41.52770235800017,99.9,1301.15584,20,1203.765248,B
42.02796919700086,99.9,1301.15584,20,1231.224832,B
42.52831873899959,99.9,1301.15584,20,1257.832448,B
43.02866443899984,99.9,1301.15584,26,1264.320512,B
43.528945664000275,99.9,1301.15584,26,1264.713728,B
44.02922780500012,99.9,1301.15584,34,1228.406784,B
44.52951681000013,99.9,1301.15584,34,1228.406784,B
45.02985591200013,99.9,1301.15584,21,1228.275712,B
