source,name,sequence,length,binding_metric,structure_metric,plddt,dG_REU,dSASA,cleavage_risk,pk_penalty,risk_total,rank_score_v1,norm_binding,norm_structure,norm_risk,unified_score,unified_rank
DeNovo,bb01_seq1,AAALGLLLFEAAEQ,14,79.88606060606061,79.88606060606061,79.88606060606061,,,1.0,2.0714285714285716,3.0714285714285716,,0.9475962212150815,0.010236222896296802,0.14285714285714288,0.4482975489050012,1
FastDesign,candidate_006.pdb,TPCQTWFYMDAISC,14,62.89670457995271,2135.651071139536,,-62.89670457995271,2135.651071139536,3.0,0.5,3.5,60.89670457995271,0.35510591596914953,0.9815022083814571,0.18181818181818182,0.4356399841353755,2
FastDesign,candidate_010.pdb,TPCQIWFYMDAISC,14,61.51245825773253,2110.4027115441454,,-61.51245825773253,2110.4027115441454,3.0,0.5,3.5,59.51245825773253,0.3068314242975731,0.9695733776354094,0.18181818181818182,0.40792408907577293,3
FastDesign,candidate_011.pdb,TPCQIWCTHSMISC,14,58.95737610018045,2132.929459003107,,-58.95737610018045,2132.929459003107,1.0,0.5,1.5,57.95737610018045,0.21772496227923133,0.9802163565062414,0.0,0.4029273880914881,4
FastDesign,candidate_018.pdb,TPCQIWYTHDAISC,14,59.010071500918,2128.958594487234,,-59.010071500918,2128.958594487234,2.0,0.0,2.0,58.010071500918,0.21956267255030176,0.9783402833084414,0.045454545454545456,0.39419251217677415,5
FastDesign,candidate_007.pdb,TPCQVWFYMSAISC,14,59.50679428027616,2115.959133993776,,-59.50679428027616,2115.959133993776,3.0,0.0,3.0,58.00679428027616,0.23688548518147276,0.9721985629550642,0.13636363636363635,0.3828295842045284,6
DeNovo,bb03_seq0,AALARTIRADFRAQQQA,17,81.15348484848485,81.15348484848485,81.15348484848485,,,7.0,1.1470588235294117,8.147058823529411,,0.9917966355872361,0.01083502969062322,0.6042780748663101,0.378293211727543,7
FastDesign,candidate_009.pdb,TPCQTWFYMSAISC,14,58.74796596263843,2076.7031031307115,,-58.74796596263843,2076.7031031307115,3.0,0.0,3.0,57.24796596263843,0.21042194996239044,0.953651672961759,0.13636363636363635,0.3640337495969956,8
DeNovo,bb03_seq2,AALARTIAARFRKELEA,17,81.38871212121212,81.38871212121212,81.38871212121212,,,9.0,1.4411764705882355,10.441176470588236,,1.0,0.010946165081919305,0.8128342245989305,0.3407170046047897,9
FastDesign,candidate_002.pdb,TPCQIWCTHVCISC,14,55.08228084454595,2143.757923832557,,-55.08228084454595,2143.757923832557,1.0,0.5,1.5,54.08228084454595,0.08258409129273236,0.9853323690417102,0.0,0.33689175635887925,10
FastDesign,candidate_015.pdb,TPCQFWCTHVCVSC,14,55.41141172195808,2174.8031812204267,,-55.41141172195808,2174.8031812204267,2.0,0.5,2.5,53.91141172195808,0.09406226937812331,1.0,0.09090909090909091,0.32884931650724347,11
FastDesign,candidate_001.pdb,TPCQFWCTHSCISC,14,55.70431264360559,2122.132177389626,,-55.70431264360559,2122.132177389626,2.0,0.5,2.5,54.20431264360559,0.10427695651559118,0.975115076781592,0.09090909090909091,0.326491183110455,12
FastDesign,candidate_014.pdb,TPCQFWCTHSCISC,14,55.67081247469548,2123.323577922132,,-55.67081247469548,2123.323577922132,2.0,0.5,2.5,54.17081247469548,0.10310866471731236,0.9756779654417174,0.09090909090909091,0.3260759038093532,13
FastDesign,candidate_004.pdb,TPCQFWCTHSCISC,14,55.61746198041783,2126.600755509035,,-55.61746198041783,2126.600755509035,2.0,0.5,2.5,54.11746198041783,0.10124810857904486,0.9772262995666022,0.09090909090909091,0.3256101259776849,14
FastDesign,candidate_012.pdb,TPCQFWCTHSCISC,14,55.571131883205794,2122.132177389626,,-55.571131883205794,2122.132177389626,2.0,0.5,2.5,54.071131883205794,0.09963238321564384,0.975115076781592,0.09090909090909091,0.3241688964604813,15
FastDesign,candidate_017.pdb,TPCQFWCTHSCISC,14,55.4481363918369,2123.6643980614426,,-55.4481363918369,2123.6643980614426,2.0,0.5,2.5,53.9481363918369,0.09534301308807427,0.9758389892001648,0.09090909090909091,0.32224138512226835,16
FastDesign,candidate_016.pdb,TPCQFWCTHSCISC,14,55.47501490133186,2116.784690244007,,-55.47501490133186,2116.784690244007,2.0,0.5,2.5,53.97501490133186,0.09628037977052852,0.9725886049593037,0.09090909090909091,0.3217349531912371,17
FastDesign,candidate_020.pdb,TPCQFWCTHSCISC,14,55.43784328324023,2116.784690244007,,-55.43784328324023,2116.784690244007,2.0,0.5,2.5,53.93784328324023,0.09498404909644334,0.9725886049593037,0.09090909090909091,0.32108678785419453,18
FastDesign,candidate_019.pdb,TPCQFWCTHSCISC,14,55.28848589412132,2134.18351297725,,-55.28848589412132,2134.18351297725,2.0,0.5,2.5,53.78848589412132,0.08977532871093807,0.9808088463885026,0.09090909090909091,0.32094850009020165,19
DeNovo,bb01_seq0,MAALGLLLFEYAEQ,14,73.58678899082568,73.58678899082568,73.58678899082568,,,2.0,2.0714285714285716,4.071428571428571,,0.7279141240006761,0.007260071331375408,0.23376623376623373,0.31938183664650394,20
FastDesign,candidate_005.pdb,TPCQIWCTHSCISC,14,54.06936676809687,2095.847945490631,,-54.06936676809687,2095.847945490631,1.0,0.5,1.5,53.06936676809687,0.04725951692858547,0.9626968381855994,0.0,0.3124388099199725,21
DeNovo,bb00_seq3,SGLTGGLLALRRYAELARRYLE,22,80.35609195402299,80.35609195402299,80.35609195402299,,,10.0,1.0,11.0,,0.9639881913640044,0.010458293735156506,0.8636363636363636,0.3124043110752764,22
FastDesign,candidate_013.pdb,TPCQIWTTHSMISC,14,54.18481651515026,2074.3786736329057,,-54.18481651515026,2074.3786736329057,1.0,0.5,1.5,53.18481651515026,0.05128573521296967,0.9525534738508152,0.0,0.31140890976172936,23
FastDesign,candidate_008.pdb,TPCQTWFTHDAISC,14,53.59552482886966,2003.5479688422008,,-53.59552482886966,2003.5479688422008,2.0,0.0,2.0,52.59552482886966,0.03073465543415174,0.9190888249543444,0.045454545454545456,0.2820030661124701,24
DeNovo,bb03_seq1,AALWQTILTRFRRQQEE,17,74.66443708609272,74.66443708609272,74.66443708609272,,,8.0,0.5,8.5,,0.7654962458851827,0.007769216556579979,0.6363636363636364,0.25780616063683803,25
DeNovo,bb02_seq1,PALIWAEGRGE,11,69.27190476190476,69.27190476190476,69.27190476190476,,,3.0,0.5,3.5,,0.5774359616756567,0.005221462705689292,0.18181818181818182,0.25392078328589873,26
DeNovo,bb00_seq2,AGLTGGLAAYREYCRLARRLLE,22,76.93672514619884,76.93672514619884,76.93672514619884,,,10.0,1.0,11.0,,0.8447404882372802,0.008842780942926069,0.8636363636363636,0.2522958056742452,27
DeNovo,bb00_seq1,TPLTGGEAQLVRYASLARRYLE,22,73.31115606936416,73.31115606936416,73.31115606936416,,,8.0,0.5,8.5,,0.718301644662342,0.007129845902046786,0.6363636363636364,0.23401704882905774,28
FastDesign,candidate_003.pdb,TPCKIWYTHDAISC,14,52.714224326756266,2078.517058728894,,-52.714224326756266,2078.517058728894,4.0,0.5,4.5,50.214224326756266,0.0,0.9545086937606673,0.2727272727272727,0.23180715358274565,29
DeNovo,bb02_seq2,SPLIWARGDGE,11,65.95035714285714,65.95035714285714,65.95035714285714,,,3.0,0.5,3.5,,0.46159962510856256,0.003652165531634854,0.18181818181818182,0.19553182585013537,30
DeNovo,bb00_seq0,MPITGGLVSLRRKAELSRRYLE,22,71.06152542372881,71.06152542372881,71.06152542372881,,,11.0,1.5,12.5,,0.6398475616544387,0.006066986229460169,1.0,0.12174387669605735,31
DeNovo,bb02_seq3,SGLIWARGGGR,11,64.16607594936708,64.16607594936708,64.16607594936708,,,5.0,1.0,6.0,,0.39937423484945406,0.002809164691121453,0.4090909090909091,0.11871168501388164,32
DeNovo,bb02_seq0,SALIWARGEGE,11,59.76265060240964,59.76265060240964,59.76265060240964,,,3.0,0.5,3.5,,0.2458082713169221,0.0007287239611699837,0.18181818181818182,0.08675911648317566,33
DeNovo,bb01_seq2,AAAFGELLFEASEQ,14,59.47413461538462,59.47413461538462,59.47413461538462,,,2.0,1.857142857142857,3.8571428571428568,,0.23574650529364877,0.0005924118033940507,0.21428571428571425,0.07519383333069976,34
DeNovo,bb03_seq3,AALFSTARTRFRLQREE,17,65.15222222222222,65.15222222222222,65.15222222222222,,,10.0,1.0,11.0,,0.43376530331156643,0.0032750789987536313,0.8636363636363636,0.04513790262813658,35
DeNovo,bb01_seq3,MEFLGLLMFEYDEQ,14,58.220245901639345,58.220245901639345,58.220245901639345,,,3.0,2.3571428571428568,5.357142857142857,,0.19201813173965934,0.0,0.3506493506493506,0.025879195739959546,36
