candidate,pdb_path,seq,dG_REU,dSASA,mut_positions,mut_outside_allowed,design_time_s,cleavage_risk,hydrophobic_fraction,net_charge_proxy,pk_penalty,rank_score
candidate_001.pdb,candidates/candidate_001.pdb,APCKNYWTKDFTSC,-43.3214986794917,1984.7084660171533,"[2, 6, 7, 8, 10]",[],122.96048498153687,7.0,0.2857142857142857,1,0.5,39.3214986794917
candidate_003.pdb,candidates/candidate_003.pdb,APCKNYWTKDFTSC,-43.3214986794917,1984.7084660171533,"[2, 6, 7, 8, 10]",[],127.25483012199402,7.0,0.2857142857142857,1,0.5,39.3214986794917
candidate_004.pdb,candidates/candidate_004.pdb,APCKNYWTKDFTSC,-43.3214986794917,1984.7084660171533,"[2, 6, 7, 8, 10]",[],123.92946696281433,7.0,0.2857142857142857,1,0.5,39.3214986794917
candidate_005.pdb,candidates/candidate_005.pdb,APCKNYWTKDFTSC,-43.3214986794917,1984.7084660171533,"[2, 6, 7, 8, 10]",[],126.5171730518341,7.0,0.2857142857142857,1,0.5,39.3214986794917
candidate_018.pdb,candidates/candidate_018.pdb,APCKNYWTKDFTSC,-43.3214986794917,1984.7084660171533,"[2, 6, 7, 8, 10]",[],127.14108109474182,7.0,0.2857142857142857,1,0.5,39.3214986794917
candidate_006.pdb,candidates/candidate_006.pdb,APCKNYWTKDFTSC,-43.3214986794917,1984.7084660171533,"[2, 6, 7, 8, 10]",[],126.65716242790222,7.0,0.2857142857142857,1,0.5,39.3214986794917
candidate_007.pdb,candidates/candidate_007.pdb,APCKNYWTKDFTSC,-43.3214986794917,1984.7084660171533,"[2, 6, 7, 8, 10]",[],124.80569410324097,7.0,0.2857142857142857,1,0.5,39.3214986794917
candidate_008.pdb,candidates/candidate_008.pdb,APCKNYWTKDFTSC,-43.3214986794917,1984.7084660171533,"[2, 6, 7, 8, 10]",[],125.77410006523132,7.0,0.2857142857142857,1,0.5,39.3214986794917
candidate_009.pdb,candidates/candidate_009.pdb,APCKNYWTKDFTSC,-43.3214986794917,1984.7084660171533,"[2, 6, 7, 8, 10]",[],126.84813022613525,7.0,0.2857142857142857,1,0.5,39.3214986794917
candidate_010.pdb,candidates/candidate_010.pdb,APCKNYWTKDFTSC,-43.3214986794917,1984.7084660171533,"[2, 6, 7, 8, 10]",[],124.75646734237671,7.0,0.2857142857142857,1,0.5,39.3214986794917
candidate_012.pdb,candidates/candidate_012.pdb,APCKNYWTKDFTSC,-43.3214986794917,1984.7084660171533,"[2, 6, 7, 8, 10]",[],126.96772384643555,7.0,0.2857142857142857,1,0.5,39.3214986794917
candidate_013.pdb,candidates/candidate_013.pdb,APCKNYWTKDFTSC,-43.3214986794917,1984.7084660171533,"[2, 6, 7, 8, 10]",[],124.31913876533508,7.0,0.2857142857142857,1,0.5,39.3214986794917
candidate_016.pdb,candidates/candidate_016.pdb,APCKNYWTKDFTSC,-43.3214986794917,1984.7084660171533,"[2, 6, 7, 8, 10]",[],126.64997696876526,7.0,0.2857142857142857,1,0.5,39.3214986794917
candidate_015.pdb,candidates/candidate_015.pdb,APCKNYWTKDFTSC,-43.3214986794917,1984.7084660171533,"[2, 6, 7, 8, 10]",[],126.83924460411072,7.0,0.2857142857142857,1,0.5,39.3214986794917
candidate_017.pdb,candidates/candidate_017.pdb,APCKNYWTKDFTSC,-43.3214986794917,1984.7084660171533,"[2, 6, 7, 8, 10]",[],124.85043835639954,7.0,0.2857142857142857,1,0.5,39.3214986794917
candidate_020.pdb,candidates/candidate_020.pdb,APCKNYVTKVFTSC,-42.46932246133531,2016.8754503937885,"[2, 6, 7, 8, 10]",[],151.73538374900818,6.0,0.35714285714285715,2,1.0,38.46932246133531
candidate_002.pdb,candidates/candidate_002.pdb,APCKNYVTKVFTSC,-42.26081881474147,2037.9531324235177,"[2, 6, 7, 8, 10]",[],160.10485243797302,6.0,0.35714285714285715,2,1.0,38.26081881474147
candidate_011.pdb,candidates/candidate_011.pdb,APCKNYVTKVFTSC,-42.26081881474147,2037.9531324235177,"[2, 6, 7, 8, 10]",[],160.13464736938477,6.0,0.35714285714285715,2,1.0,38.26081881474147
candidate_014.pdb,candidates/candidate_014.pdb,APCKNYVTKVFTSC,-42.26081881474147,2037.9531324235177,"[2, 6, 7, 8, 10]",[],159.75033974647522,6.0,0.35714285714285715,2,1.0,38.26081881474147
candidate_019.pdb,candidates/candidate_019.pdb,APCKNYVTKVFTSC,-42.26081881474147,2037.9531324235177,"[2, 6, 7, 8, 10]",[],160.32886338233948,6.0,0.35714285714285715,2,1.0,38.26081881474147
